<?xml version="1.0" encoding="UTF-8"?>
<!DOCTYPE mapper PUBLIC "-//mybatis.org//DTD Mapper 3.0//EN" "http://mybatis.org/dtd/mybatis-3-mapper.dtd">

<mapper namespace="com.dao.EmailregistercodeDao">

	<!-- 可根据自己的需求，是否要使用 -->
    <resultMap type="com.entity.EmailregistercodeEntity" id="emailregistercodeMap">
        <result property="email" column="email"/>
        <result property="role" column="role"/>
        <result property="code" column="code"/>
    </resultMap>

	<select id="selectListVO"
		resultType="com.entity.vo.EmailregistercodeVO" >
		SELECT * FROM emailregistercode  emailregistercode         
        <where> 1=1 ${ew.sqlSegment}</where>
	</select>
	
	<select id="selectVO"
		resultType="com.entity.vo.EmailregistercodeVO" >
		SELECT  emailregistercode.* FROM emailregistercode  emailregistercode
 		<where> 1=1 ${ew.sqlSegment}</where>
	</select>

    <select id="selectListView"
		resultType="com.entity.view.EmailregistercodeView" >

		SELECT  emailregistercode.* FROM emailregistercode  emailregistercode 	        
        <where> 1=1 ${ew.sqlSegment}</where>
	</select>
	
	<select id="selectView"
		resultType="com.entity.view.EmailregistercodeView" >
		SELECT * FROM emailregistercode  emailregistercode <where> 1=1 ${ew.sqlSegment}</where>
	</select>
	

	
</mapper>
