<?xml version="1.0" encoding="UTF-8"?>
<!DOCTYPE mapper PUBLIC "-//mybatis.org//DTD Mapper 3.0//EN" "http://mybatis.org/dtd/mybatis-3-mapper.dtd">

<mapper namespace="com.dao.TushujieyueDao">

	<!-- 可根据自己的需求，是否要使用 -->
    <resultMap type="com.entity.TushujieyueEntity" id="tushujieyueMap">
        <result property="jieyuebianhao" column="jieyuebianhao"/>
        <result property="tushubianhao" column="tushubianhao"/>
        <result property="tushumingcheng" column="tushumingcheng"/>
        <result property="shuliang" column="shuliang"/>
        <result property="jieyuetianshu" column="jieyuetianshu"/>
        <result property="xueshengxuehao" column="xueshengxuehao"/>
        <result property="xueshengxingming" column="xueshengxingming"/>
        <result property="jieyueshijian" column="jieyueshijian"/>
        <result property="beizhu" column="beizhu"/>
        <result property="userid" column="userid"/>
    </resultMap>

	<select id="selectListVO"
		resultType="com.entity.vo.TushujieyueVO" >
		SELECT * FROM tushujieyue  tushujieyue         
        <where> 1=1 ${ew.sqlSegment}</where>
	</select>
	
	<select id="selectVO"
		resultType="com.entity.vo.TushujieyueVO" >
		SELECT  tushujieyue.* FROM tushujieyue  tushujieyue
 		<where> 1=1 ${ew.sqlSegment}</where>
	</select>

    <select id="selectListView"
		resultType="com.entity.view.TushujieyueView" >

		SELECT  tushujieyue.* FROM tushujieyue  tushujieyue 	        
        <where> 1=1 ${ew.sqlSegment}</where>
	</select>
	
	<select id="selectView"
		resultType="com.entity.view.TushujieyueView" >
		SELECT * FROM tushujieyue  tushujieyue <where> 1=1 ${ew.sqlSegment}</where>
	</select>
	

	
</mapper>
