<?xml version="1.0" encoding="UTF-8"?>
<!DOCTYPE mapper PUBLIC "-//mybatis.org//DTD Mapper 3.0//EN" "http://mybatis.org/dtd/mybatis-3-mapper.dtd">

<mapper namespace="com.dao.XiaoyuankachongzhiDao">

	<!-- 可根据自己的需求，是否要使用 -->
    <resultMap type="com.entity.XiaoyuankachongzhiEntity" id="xiaoyuankachongzhiMap">
        <result property="chongzhibianhao" column="chongzhibianhao"/>
        <result property="xueshengxuehao" column="xueshengxuehao"/>
        <result property="xueshengxingming" column="xueshengxingming"/>
        <result property="xiaoyuankahao" column="xiaoyuankahao"/>
        <result property="chongzhijine" column="chongzhijine"/>
        <result property="chongzhishijian" column="chongzhishijian"/>
        <result property="ispay" column="ispay"/>
    </resultMap>

	<select id="selectListVO"
		resultType="com.entity.vo.XiaoyuankachongzhiVO" >
		SELECT * FROM xiaoyuankachongzhi  xiaoyuankachongzhi         
        <where> 1=1 ${ew.sqlSegment}</where>
	</select>
	
	<select id="selectVO"
		resultType="com.entity.vo.XiaoyuankachongzhiVO" >
		SELECT  xiaoyuankachongzhi.* FROM xiaoyuankachongzhi  xiaoyuankachongzhi
 		<where> 1=1 ${ew.sqlSegment}</where>
	</select>

    <select id="selectListView"
		resultType="com.entity.view.XiaoyuankachongzhiView" >

		SELECT  xiaoyuankachongzhi.* FROM xiaoyuankachongzhi  xiaoyuankachongzhi 	        
        <where> 1=1 ${ew.sqlSegment}</where>
	</select>
	
	<select id="selectView"
		resultType="com.entity.view.XiaoyuankachongzhiView" >
		SELECT * FROM xiaoyuankachongzhi  xiaoyuankachongzhi <where> 1=1 ${ew.sqlSegment}</where>
	</select>
	

	
</mapper>
