<?xml version="1.0" encoding="UTF-8"?>
<!DOCTYPE mapper PUBLIC "-//mybatis.org//DTD Mapper 3.0//EN" "http://mybatis.org/dtd/mybatis-3-mapper.dtd">

<mapper namespace="com.dao.XiaoyuankapaifaDao">

	<!-- 可根据自己的需求，是否要使用 -->
    <resultMap type="com.entity.XiaoyuankapaifaEntity" id="xiaoyuankapaifaMap">
        <result property="xueshengxuehao" column="xueshengxuehao"/>
        <result property="xueshengxingming" column="xueshengxingming"/>
        <result property="zhuanye" column="zhuanye"/>
        <result property="xiaoyuankahao" column="xiaoyuankahao"/>
        <result property="yajin" column="yajin"/>
        <result property="paifariqi" column="paifariqi"/>
    </resultMap>

	<select id="selectListVO"
		resultType="com.entity.vo.XiaoyuankapaifaVO" >
		SELECT * FROM xiaoyuankapaifa  xiaoyuankapaifa         
        <where> 1=1 ${ew.sqlSegment}</where>
	</select>
	
	<select id="selectVO"
		resultType="com.entity.vo.XiaoyuankapaifaVO" >
		SELECT  xiaoyuankapaifa.* FROM xiaoyuankapaifa  xiaoyuankapaifa
 		<where> 1=1 ${ew.sqlSegment}</where>
	</select>

    <select id="selectListView"
		resultType="com.entity.view.XiaoyuankapaifaView" >

		SELECT  xiaoyuankapaifa.* FROM xiaoyuankapaifa  xiaoyuankapaifa 	        
        <where> 1=1 ${ew.sqlSegment}</where>
	</select>
	
	<select id="selectView"
		resultType="com.entity.view.XiaoyuankapaifaView" >
		SELECT * FROM xiaoyuankapaifa  xiaoyuankapaifa <where> 1=1 ${ew.sqlSegment}</where>
	</select>
	

	
</mapper>
