<?xml version="1.0" encoding="UTF-8"?>
<!DOCTYPE mapper PUBLIC "-//mybatis.org//DTD Mapper 3.0//EN" "http://mybatis.org/dtd/mybatis-3-mapper.dtd">

<mapper namespace="com.dao.XiaoyuankashenqingDao">

	<!-- 可根据自己的需求，是否要使用 -->
    <resultMap type="com.entity.XiaoyuankashenqingEntity" id="xiaoyuankashenqingMap">
        <result property="xueshengxuehao" column="xueshengxuehao"/>
        <result property="xueshengxingming" column="xueshengxingming"/>
        <result property="zhuanye" column="zhuanye"/>
        <result property="shenqingneirong" column="shenqingneirong"/>
        <result property="shenqingriqi" column="shenqingriqi"/>
        <result property="sfsh" column="sfsh"/>
        <result property="shhf" column="shhf"/>
    </resultMap>

	<select id="selectListVO"
		resultType="com.entity.vo.XiaoyuankashenqingVO" >
		SELECT * FROM xiaoyuankashenqing  xiaoyuankashenqing         
        <where> 1=1 ${ew.sqlSegment}</where>
	</select>
	
	<select id="selectVO"
		resultType="com.entity.vo.XiaoyuankashenqingVO" >
		SELECT  xiaoyuankashenqing.* FROM xiaoyuankashenqing  xiaoyuankashenqing
 		<where> 1=1 ${ew.sqlSegment}</where>
	</select>

    <select id="selectListView"
		resultType="com.entity.view.XiaoyuankashenqingView" >

		SELECT  xiaoyuankashenqing.* FROM xiaoyuankashenqing  xiaoyuankashenqing 	        
        <where> 1=1 ${ew.sqlSegment}</where>
	</select>
	
	<select id="selectView"
		resultType="com.entity.view.XiaoyuankashenqingView" >
		SELECT * FROM xiaoyuankashenqing  xiaoyuankashenqing <where> 1=1 ${ew.sqlSegment}</where>
	</select>
	

	
</mapper>
