<?xml version="1.0" encoding="UTF-8"?>
<!DOCTYPE mapper PUBLIC "-//mybatis.org//DTD Mapper 3.0//EN" "http://mybatis.org/dtd/mybatis-3-mapper.dtd">

<mapper namespace="com.dao.XiaoyuankazhuxiaoDao">

	<!-- 可根据自己的需求，是否要使用 -->
    <resultMap type="com.entity.XiaoyuankazhuxiaoEntity" id="xiaoyuankazhuxiaoMap">
        <result property="xueshengxuehao" column="xueshengxuehao"/>
        <result property="xueshengxingming" column="xueshengxingming"/>
        <result property="zhuanye" column="zhuanye"/>
        <result property="xiaoyuankahao" column="xiaoyuankahao"/>
        <result property="zhuxiaoshijian" column="zhuxiaoshijian"/>
        <result property="beizhu" column="beizhu"/>
    </resultMap>

	<select id="selectListVO"
		resultType="com.entity.vo.XiaoyuankazhuxiaoVO" >
		SELECT * FROM xiaoyuankazhuxiao  xiaoyuankazhuxiao         
        <where> 1=1 ${ew.sqlSegment}</where>
	</select>
	
	<select id="selectVO"
		resultType="com.entity.vo.XiaoyuankazhuxiaoVO" >
		SELECT  xiaoyuankazhuxiao.* FROM xiaoyuankazhuxiao  xiaoyuankazhuxiao
 		<where> 1=1 ${ew.sqlSegment}</where>
	</select>

    <select id="selectListView"
		resultType="com.entity.view.XiaoyuankazhuxiaoView" >

		SELECT  xiaoyuankazhuxiao.* FROM xiaoyuankazhuxiao  xiaoyuankazhuxiao 	        
        <where> 1=1 ${ew.sqlSegment}</where>
	</select>
	
	<select id="selectView"
		resultType="com.entity.view.XiaoyuankazhuxiaoView" >
		SELECT * FROM xiaoyuankazhuxiao  xiaoyuankazhuxiao <where> 1=1 ${ew.sqlSegment}</where>
	</select>
	

	
</mapper>
