<?xml version="1.0" encoding="UTF-8"?>
<!DOCTYPE mapper PUBLIC "-//mybatis.org//DTD Mapper 3.0//EN" "http://mybatis.org/dtd/mybatis-3-mapper.dtd">

<mapper namespace="com.dao.XiaofeijiluDao">

	<!-- 可根据自己的需求，是否要使用 -->
    <resultMap type="com.entity.XiaofeijiluEntity" id="xiaofeijiluMap">
        <result property="xiaoyuankahao" column="xiaoyuankahao"/>
        <result property="xueshengxuehao" column="xueshengxuehao"/>
        <result property="xueshengxingming" column="xueshengxingming"/>
        <result property="zhuanye" column="zhuanye"/>
        <result property="xiaofeijine" column="xiaofeijine"/>
        <result property="xiaofeijilu" column="xiaofeijilu"/>
        <result property="xiaofeishijian" column="xiaofeishijian"/>
    </resultMap>

	<select id="selectListVO"
		resultType="com.entity.vo.XiaofeijiluVO" >
		SELECT * FROM xiaofeijilu  xiaofeijilu         
        <where> 1=1 ${ew.sqlSegment}</where>
	</select>
	
	<select id="selectVO"
		resultType="com.entity.vo.XiaofeijiluVO" >
		SELECT  xiaofeijilu.* FROM xiaofeijilu  xiaofeijilu
 		<where> 1=1 ${ew.sqlSegment}</where>
	</select>

    <select id="selectListView"
		resultType="com.entity.view.XiaofeijiluView" >

		SELECT  xiaofeijilu.* FROM xiaofeijilu  xiaofeijilu 	        
        <where> 1=1 ${ew.sqlSegment}</where>
	</select>
	
	<select id="selectView"
		resultType="com.entity.view.XiaofeijiluView" >
		SELECT * FROM xiaofeijilu  xiaofeijilu <where> 1=1 ${ew.sqlSegment}</where>
	</select>
	

	
</mapper>
